<?xml version="1.0" encoding="UTF-8"?>
<metadata>
	<idinfo>
		<citation>
			<citeinfo>
				<origin>Metro Data Resource Center</origin>
				<pubdate>201105</pubdate>
				<title>2010 Census Tracts</title>
				<onlink Sync="TRUE">Server=CGIS2; Service=SDE:SQLServer:CGIS2\SQL2008; Database=EGH_PUBLIC; User=ArcMap_Admin; Version=sde.DEFAULT</onlink></citeinfo>
		</citation>
		<descript>
			<abstract>The US Census Bureau census tracts for the Portland-Vancouver-Hillsboro, OR-WA Metropolitan Statistical Area (MSA). Tract boundaries are released from the Census Bureau every 10 years. Includes population (POP), dwelling units (DU), race and Hispanic attributes.  Source:  Census redistricting data [P.L. 94-171] summary files.</abstract>
			<purpose>The data are created to serve as base information for use in GIS systems for a variety of planning and analysis purposes.</purpose>
			<supplinf><![CDATA[The 2010 census tract relationship files are provided <a href="http://www.census.gov/geo/www/2010census/tract_rel/tract_rel.html">here</a> as a tool to help compare the universe of Census 2000 tracts to the universe of 2010 Census tracts.  From these files, data users may determine how Census 2000 tracts relate to 2010 Census tracts and vice versa.]]></supplinf>
		</descript>
		<timeperd>
			<timeinfo>
				<sngdate>
					<caldate>2010</caldate>
				</sngdate>
			</timeinfo>
			<current>Ground condition</current>
		</timeperd>
		<status>
			<progress>Complete</progress>
			<update>Annually</update>
		</status>
		<spdom>
			<bounding>
				<westbc>-123.785577699</westbc>
				<eastbc>-121.440498206</eastbc>
				<northbc>46.3880499964</northbc>
				<southbc>44.6838701483</southbc>
			</bounding>
		</spdom>
		<keywords>
			<theme>
				<themekt>None</themekt>
				<themekey>Census</themekey>
				<themekey>tract</themekey>
				<themekey>demographics</themekey>
				<themekey>census bureau</themekey>
				<themekey>population</themekey>
				<themekey>households</themekey>
				<themekey>dwelling units</themekey>
			</theme>
			<place>
				<placekt>None</placekt>
				<placekey>Portland</placekey>
				<placekey>Columbia County</placekey>
				<placekey>Multnomah County</placekey>
				<placekey>Washington County</placekey>
				<placekey>Clackamas County</placekey>
				<placekey>Yamhill County</placekey>
				<placekey>Oregon</placekey>
				<placekey>Clark County</placekey>
				<placekey>Skamania County</placekey>
				<placekey>Washington</placekey>
			</place>
		</keywords>
		<accconst>None</accconst>
		<useconst>This database and GIS data are made available under the Open Database License (ODbL v1) and Database Content License (DbCL v1). See http://www.oregongmetro.gov/rlis-live.</useconst>
		<browse>
			<browsen>http://library.oregonmetro.gov/rlisdiscovery/browse_graphic/tract2010.png</browsen>
			<browsed></browsed>
			<browset>PNG</browset>
		</browse>
	</idinfo>
	<dataqual>
		<logic></logic>
		<complete></complete>
		<posacc>
			<horizpa>
				<horizpar>Registered to tax lots. Street center lines were digitized from aerial orthophotography at +/- 10 feet accuracy. Tax lots were fit to the street centerlines. Beaverton, Oregon City and Tigard planning areas were improved to +/- 5 feet accuracy. Multnomah County was created with coordinate geometry using better control.</horizpar>
			</horizpa>
		</posacc>
		<lineage>
			<procstep>
				<procdesc>The geometry and attributes were downloaded from the 2010 census redistricting web site located at http://www.census.gov/rdo/data/2010_census.html. Attribute names were chosen by Metro to be consistent with previous census tract layers.</procdesc>
				<procdate>20110421</procdate>
			</procstep>
			<procstep><procdesc Sync="TRUE">Dataset copied.</procdesc><srcused Sync="TRUE"></srcused><procdate Sync="TRUE">20141108</procdate><proctime Sync="TRUE">13241700</proctime></procstep></lineage>
	</dataqual>
	<spdoinfo>
		<direct>Vector</direct>
		<ptvctinf><esriterm Name="HR_Analysis_Areas"><efeatyp Sync="TRUE">Simple</efeatyp><efeageom code="4" Sync="TRUE"></efeageom><esritopo Sync="TRUE">FALSE</esritopo><efeacnt Sync="TRUE">0</efeacnt><spindex Sync="TRUE">TRUE</spindex><linrefer Sync="TRUE">FALSE</linrefer></esriterm></ptvctinf></spdoinfo>
	<spref>
		<horizsys>
			<planar>
				<planci>
					<plance></plance>
					<plandu>International foot</plandu>
				</planci>
			</planar>
			<geodetic>
				<horizdn>D_North_American_1983_HARN</horizdn>
				<ellips></ellips>
				<semiaxis></semiaxis>
				<denflat></denflat>
			</geodetic>
		</horizsys>
	</spref>
	<eainfo>
		<detailed Name="HR_Analysis_Areas">
			<enttyp>
				<enttypl>Tract2010.dbf</enttypl>
				<enttypd>Description of the 2010 Census tract polygon attributes</enttypd>
				<enttypds></enttypds>
				<enttypt Sync="TRUE">Feature Class</enttypt><enttypc Sync="TRUE">0</enttypc></enttyp>
			<attr><attrlabl Sync="TRUE">OBJECTID</attrlabl><attalias Sync="TRUE">OBJECTID_1</attalias><attrtype Sync="TRUE">OID</attrtype><attwidth Sync="TRUE">4</attwidth><atprecis Sync="TRUE">0</atprecis><attscale Sync="TRUE">0</attscale><attrdef Sync="TRUE">Internal feature number.</attrdef><attrdefs Sync="TRUE">Esri</attrdefs><attrdomv><udom Sync="TRUE">Sequential unique whole numbers that are automatically generated.</udom></attrdomv></attr><attr><attrlabl Sync="TRUE">Shape</attrlabl><attalias Sync="TRUE">Shape</attalias><attrtype Sync="TRUE">Geometry</attrtype><attwidth Sync="TRUE">0</attwidth><atprecis Sync="TRUE">0</atprecis><attscale Sync="TRUE">0</attscale><attrdef Sync="TRUE">Feature geometry.</attrdef><attrdefs Sync="TRUE">Esri</attrdefs><attrdomv><udom Sync="TRUE">Coordinates defining the features.</udom></attrdomv></attr><attr><attrlabl Sync="TRUE">Analysis_Area</attrlabl><attalias Sync="TRUE">Analysis_Area</attalias><attrtype Sync="TRUE">String</attrtype><attwidth Sync="TRUE">50</attwidth><atprecis Sync="TRUE">0</atprecis><attscale Sync="TRUE">0</attscale></attr><attr><attrlabl Sync="TRUE">OID</attrlabl><attalias Sync="TRUE">OID</attalias><attrtype Sync="TRUE">SmallInteger</attrtype><attwidth Sync="TRUE">2</attwidth><atprecis Sync="TRUE">0</atprecis><attscale Sync="TRUE">0</attscale></attr><attr><attrlabl Sync="TRUE">Shape_Length</attrlabl><attalias Sync="TRUE">Shape_Length</attalias><attrtype Sync="TRUE">Double</attrtype><attwidth Sync="TRUE">8</attwidth><atprecis Sync="TRUE">0</atprecis><attscale Sync="TRUE">0</attscale><attrdef Sync="TRUE">Length of feature in internal units.</attrdef><attrdefs Sync="TRUE">Esri</attrdefs><attrdomv><udom Sync="TRUE">Positive real numbers that are automatically generated.</udom></attrdomv></attr><attr><attrlabl Sync="TRUE">Shape_Area</attrlabl><attalias Sync="TRUE">Shape_Area</attalias><attrtype Sync="TRUE">Double</attrtype><attwidth Sync="TRUE">8</attwidth><atprecis Sync="TRUE">0</atprecis><attscale Sync="TRUE">0</attscale><attrdef Sync="TRUE">Area of feature in internal units squared.</attrdef><attrdefs Sync="TRUE">Esri</attrdefs><attrdomv><udom Sync="TRUE">Positive real numbers that are automatically generated.</udom></attrdomv></attr></detailed>
	</eainfo>
	<distinfo>
		<distrib>
			<cntinfo>
				<cntorgp>
					<cntorg>Metro Data Resource Center</cntorg>
				</cntorgp>
				<cntaddr>
					<addrtype></addrtype>
					<address>600 NE Grand Ave.</address>
					<city>Portland</city>
					<state>OR</state>
					<postal>97232</postal>
				</cntaddr>
				<cntvoice>503 797-1742</cntvoice>
				<cntfax>503 797-1909</cntfax>
				<cntemail>drc@oregonmetro.gov</cntemail>
			</cntinfo>
		</distrib>
		<distliab>The information in this file was derived from digital databases on Metro's GIS. Care was taken in the creation of this file. Metro cannot accept any responsibility for errors, omissions, or positional accuracy. There are no warranties, expressed or implied.</distliab>
		<stdorder>
			<digform>
				<digtinfo>
					<formname>Shapefile</formname>
					<transize>2 mb</transize>
				</digtinfo>
				<digtopt>
					<offoptn>
						<offmedia>DVD or CD-ROM</offmedia>
						<recfmt>ISO9660</recfmt>
					</offoptn>
					<onlinopt>
						<computer>
							<networka>
								<networkr>http://www.oregonmetro.gov/rlisdiscovery</networkr>
							</networka>
						</computer>
						<accinstr>Email drc@oregonmetro.gov or call 503-797-1742 for further instructions.</accinstr>
					</onlinopt>
				</digtopt>
			</digform>
			<fees>No cost</fees>
		</stdorder>
	</distinfo>
	<metainfo>
		<metd>20110428</metd>
		<metc>
			<cntinfo>
				<cntorgp>
					<cntorg>Metro Data Resource Center</cntorg>
					<cntper>Zac Christensen</cntper>
				</cntorgp>
				<cntaddr>
					<addrtype>mailing and physical address</addrtype>
					<address>600 NE Grand Ave.</address>
					<city>Portland</city>
					<state>OR</state>
					<postal>97232</postal>
				</cntaddr>
				<cntvoice>503 797-1591</cntvoice>
				<cntfax>503 797-1909</cntfax>
				<cntemail>zac.christensen@oregonmetro.gov</cntemail>
			</cntinfo>
		</metc>
		<metstdn>FGDC Content Standards for Digital Geospatial Metadata</metstdn>
		<metstdv>FGDC-STD-001-1998</metstdv>
	</metainfo>
	<Esri><CreaDate>20170113</CreaDate><CreaTime>13463400</CreaTime><SyncOnce>FALSE</SyncOnce><DataProperties><itemProps><itemLocation><linkage Sync="TRUE">file://\\phbfile1\data$\Operations\Business Analysis and Research\GIS WORK\Housing_Report\2016\SOH_2016.gdb</linkage><protocol Sync="TRUE">Local Area Network</protocol></itemLocation><itemName Sync="TRUE">HR_Analysis_Areas</itemName><imsContentType Sync="TRUE">002</imsContentType></itemProps><copyHistory><copy source="\\cgisfile\publish$\Data\Shapes\Census\census_tracts_2010_metro" dest="\\cgisfile\Data\Shapes\Census\census_tracts_2010_metro" date="20141108" time="04044200"></copy></copyHistory><lineage><Process ToolSource="c:\program files (x86)\arcgis\desktop10.2\ArcToolbox\Toolboxes\Data Management Tools.tbx\Copy" Date="20141108" Time="040442">Copy \\cgisfile\publish$\Data\Shapes\Census\census_tracts_2010_metro.shp \\cgisfile\Data\Shapes\Census\census_tracts_2010_metro.shp ShapeFile</Process><Process ToolSource="c:\program files (x86)\arcgis\desktop10.2\ArcToolbox\Toolboxes\Data Management Tools.tbx\CalculateField" Date="20150213" Time="134906">CalculateField COPCensusTract Metro "North Portland" VB #</Process><Process ToolSource="c:\program files (x86)\arcgis\desktop10.2\ArcToolbox\Toolboxes\Data Management Tools.tbx\CalculateField" Date="20150213" Time="135035">CalculateField COPCensusTract Metro "Portland CBD" VB #</Process><Process ToolSource="c:\program files (x86)\arcgis\desktop10.2\ArcToolbox\Toolboxes\Data Management Tools.tbx\CalculateField" Date="20150213" Time="135221">CalculateField COPCensusTract Metro "West Portland" VB #</Process><Process ToolSource="c:\program files (x86)\arcgis\desktop10.2\ArcToolbox\Toolboxes\Data Management Tools.tbx\CalculateField" Date="20150213" Time="135450">CalculateField COPCensusTract Metro "Southeast Portland" VB #</Process><Process ToolSource="c:\program files (x86)\arcgis\desktop10.2\ArcToolbox\Toolboxes\Data Management Tools.tbx\CalculateField" Date="20150213" Time="135621">CalculateField COPCensusTract Metro "East Portland" VB #</Process><Process ToolSource="c:\program files (x86)\arcgis\desktop10.2\ArcToolbox\Toolboxes\Data Management Tools.tbx\CalculateField" Date="20150213" Time="140634">CalculateField COPCensusTract Metro "Northeast Portland" VB #</Process><Process ToolSource="c:\program files (x86)\arcgis\desktop10.2\ArcToolbox\Toolboxes\Data Management Tools.tbx\CalculateField" Date="20150213" Time="140641">CalculateField COPCensusTract Metro "Northeast Portland" VB #</Process><Process ToolSource="c:\program files (x86)\arcgis\desktop10.2\ArcToolbox\Toolboxes\Data Management Tools.tbx\CalculateField" Date="20150213" Time="141245">CalculateField TracttoArea Analysis_Area "Hayden Island-Bridgeton" VB #</Process><Process ToolSource="c:\program files (x86)\arcgis\desktop10.2\ArcToolbox\Toolboxes\Data Management Tools.tbx\CalculateField" Date="20150213" Time="141459">CalculateField TracttoArea Analysis_Area "St. Johns" VB #</Process><Process ToolSource="c:\program files (x86)\arcgis\desktop10.2\ArcToolbox\Toolboxes\Data Management Tools.tbx\CalculateField" Date="20150213" Time="141724">CalculateField TracttoArea Analysis_Area "Interstate Corridor" VB #</Process><Process ToolSource="c:\program files (x86)\arcgis\desktop10.2\ArcToolbox\Toolboxes\Data Management Tools.tbx\CalculateField" Date="20150213" Time="141733">CalculateField TracttoArea Analysis_Area "Interstate Corridor" VB #</Process><Process ToolSource="c:\program files (x86)\arcgis\desktop10.2\ArcToolbox\Toolboxes\Data Management Tools.tbx\CalculateField" Date="20150213" Time="141857">CalculateField TracttoArea Analysis_Area "MLK-Alberta" VB #</Process><Process ToolSource="c:\program files (x86)\arcgis\desktop10.2\ArcToolbox\Toolboxes\Data Management Tools.tbx\CalculateField" Date="20150213" Time="142001">CalculateField TracttoArea Analysis_Area "Roseway-Cully" VB #</Process><Process ToolSource="c:\program files (x86)\arcgis\desktop10.2\ArcToolbox\Toolboxes\Data Management Tools.tbx\CalculateField" Date="20150213" Time="142043">CalculateField TracttoArea Analysis_Area "Parkrose-Argay" VB #</Process><Process ToolSource="c:\program files (x86)\arcgis\desktop10.2\ArcToolbox\Toolboxes\Data Management Tools.tbx\CalculateField" Date="20150213" Time="142147">CalculateField TracttoArea Analysis_Area "Gateway" VB #</Process><Process ToolSource="c:\program files (x86)\arcgis\desktop10.2\ArcToolbox\Toolboxes\Data Management Tools.tbx\CalculateField" Date="20150213" Time="142231">CalculateField TracttoArea Analysis_Area "Centennial-Glenfair-Wilkes" VB #</Process><Process ToolSource="c:\program files (x86)\arcgis\desktop10.2\ArcToolbox\Toolboxes\Data Management Tools.tbx\CalculateField" Date="20150213" Time="142305">CalculateField TracttoArea Analysis_Area "122nd-Division" VB #</Process><Process ToolSource="c:\program files (x86)\arcgis\desktop10.2\ArcToolbox\Toolboxes\Data Management Tools.tbx\CalculateField" Date="20150213" Time="142330">CalculateField TracttoArea Analysis_Area "122nd-Division" VB #</Process><Process ToolSource="c:\program files (x86)\arcgis\desktop10.2\ArcToolbox\Toolboxes\Data Management Tools.tbx\CalculateField" Date="20150213" Time="142421">CalculateField TracttoArea Analysis_Area "Montavilla" VB #</Process><Process ToolSource="c:\program files (x86)\arcgis\desktop10.2\ArcToolbox\Toolboxes\Data Management Tools.tbx\CalculateField" Date="20150213" Time="142458">CalculateField TracttoArea Analysis_Area "Hollywood" VB #</Process><Process ToolSource="c:\program files (x86)\arcgis\desktop10.2\ArcToolbox\Toolboxes\Data Management Tools.tbx\CalculateField" Date="20150213" Time="142551">CalculateField TracttoArea Analysis_Area "Central City" VB #</Process><Process ToolSource="c:\program files (x86)\arcgis\desktop10.2\ArcToolbox\Toolboxes\Data Management Tools.tbx\CalculateField" Date="20150213" Time="142723">CalculateField TracttoArea Analysis_Area "Lents-Foster" VB #</Process><Process ToolSource="c:\program files (x86)\arcgis\desktop10.2\ArcToolbox\Toolboxes\Data Management Tools.tbx\CalculateField" Date="20150213" Time="142749">CalculateField TracttoArea Analysis_Area "Woodstock" VB #</Process><Process ToolSource="c:\program files (x86)\arcgis\desktop10.2\ArcToolbox\Toolboxes\Data Management Tools.tbx\CalculateField" Date="20150213" Time="142839">CalculateField TracttoArea Analysis_Area "Sellwood-Moreland-Brooklyn" VB #</Process><Process ToolSource="c:\program files (x86)\arcgis\desktop10.2\ArcToolbox\Toolboxes\Data Management Tools.tbx\CalculateField" Date="20150213" Time="143043">CalculateField TracttoArea Analysis_Area "Belmont-Hawthorne-Division" VB #</Process><Process ToolSource="c:\program files (x86)\arcgis\desktop10.2\ArcToolbox\Toolboxes\Data Management Tools.tbx\CalculateField" Date="20150213" Time="143230">CalculateField TracttoArea Analysis_Area "Forest Park-Northwest Hills" VB #</Process><Process ToolSource="c:\program files (x86)\arcgis\desktop10.2\ArcToolbox\Toolboxes\Data Management Tools.tbx\CalculateField" Date="20150213" Time="143302">CalculateField TracttoArea Analysis_Area "Tryon Creek-Riverdale" VB #</Process><Process ToolSource="c:\program files (x86)\arcgis\desktop10.2\ArcToolbox\Toolboxes\Data Management Tools.tbx\CalculateField" Date="20150213" Time="143324">CalculateField TracttoArea Analysis_Area "West Portland" VB #</Process><Process ToolSource="c:\program files (x86)\arcgis\desktop10.2\ArcToolbox\Toolboxes\Data Management Tools.tbx\CalculateField" Date="20150213" Time="143354">CalculateField TracttoArea Analysis_Area "South Portland-Marquam Hill" VB #</Process><Process ToolSource="c:\program files (x86)\arcgis\desktop10.2\ArcToolbox\Toolboxes\Data Management Tools.tbx\CalculateField" Date="20150213" Time="143427">CalculateField TracttoArea Analysis_Area "Hillsdale-Multnomah-Barbur" VB #</Process><Process ToolSource="c:\program files (x86)\arcgis\desktop10.2\ArcToolbox\Toolboxes\Data Management Tools.tbx\CalculateField" Date="20150213" Time="143502">CalculateField TracttoArea Analysis_Area "Raleigh Hills" VB #</Process><Process ToolSource="c:\program files (x86)\arcgis\desktop10.2\ArcToolbox\Toolboxes\Data Management Tools.tbx\CalculateField" Date="20150213" Time="143608">CalculateField TracttoArea Analysis_Area "Northwest" VB #</Process><Process ToolSource="c:\program files (x86)\arcgis\desktop10.2\ArcToolbox\Toolboxes\Data Management Tools.tbx\CalculateField" Date="20150220" Time="104631">CalculateField TracttoArea Analysis_Area "Pleasant Valley" VB #</Process><Process ToolSource="c:\program files (x86)\arcgis\desktop10.2\ArcToolbox\Toolboxes\Data Management Tools.tbx\CalculateField" Date="20150416" Time="120133">CalculateField HRAnalyisArea OID [OBJECTID] VB #</Process><Process ToolSource="c:\program files (x86)\arcgis\desktop10.2\ArcToolbox\Toolboxes\Data Management Tools.tbx\CalculateField" Date="20150831" Time="094426">CalculateField HR_Analysis_Areas ID2 [OID] VB #</Process><Process ToolSource="c:\program files (x86)\arcgis\desktop10.2\ArcToolbox\Toolboxes\Data Management Tools.tbx\Append" Date="20161011" Time="150922">Append HR_Analysis_Areas_Tracts HR_Analysis_Areas NO_TEST "Analysis_Area "Analysis_Area" true true false 50 Text 0 0 ,First,#;OID "OID" true true false 2 Short 0 0 ,First,#;Shape_Length "Shape_Length" false true true 8 Double 0 0 ,First,#,K:\Operations\Business Analysis and Research\GIS WORK\Housing_Report\2016\SOH_2016.gdb\HR_Analysis_Areas_Tracts,Shape_Length,-1,-1;Shape_Area "Shape_Area" false true true 8 Double 0 0 ,First,#,K:\Operations\Business Analysis and Research\GIS WORK\Housing_Report\2016\SOH_2016.gdb\HR_Analysis_Areas_Tracts,Shape_Area,-1,-1" #</Process></lineage><coordRef><type Sync="TRUE">Projected</type><geogcsn Sync="TRUE">GCS_North_American_1983_HARN</geogcsn><csUnits Sync="TRUE">Linear Unit: Foot (0.304800)</csUnits><projcsn Sync="TRUE">NAD_1983_HARN_StatePlane_Oregon_North_FIPS_3601_Feet_Intl</projcsn><peXml Sync="TRUE">&lt;ProjectedCoordinateSystem xsi:type='typens:ProjectedCoordinateSystem' xmlns:xsi='http://www.w3.org/2001/XMLSchema-instance' xmlns:xs='http://www.w3.org/2001/XMLSchema' xmlns:typens='http://www.esri.com/schemas/ArcGIS/10.1'&gt;&lt;WKT&gt;PROJCS[&amp;quot;NAD_1983_HARN_StatePlane_Oregon_North_FIPS_3601_Feet_Intl&amp;quot;,GEOGCS[&amp;quot;GCS_North_American_1983_HARN&amp;quot;,DATUM[&amp;quot;D_North_American_1983_HARN&amp;quot;,SPHEROID[&amp;quot;GRS_1980&amp;quot;,6378137.0,298.257222101]],PRIMEM[&amp;quot;Greenwich&amp;quot;,0.0],UNIT[&amp;quot;Degree&amp;quot;,0.0174532925199433]],PROJECTION[&amp;quot;Lambert_Conformal_Conic&amp;quot;],PARAMETER[&amp;quot;False_Easting&amp;quot;,8202099.737532808],PARAMETER[&amp;quot;False_Northing&amp;quot;,0.0],PARAMETER[&amp;quot;Central_Meridian&amp;quot;,-120.5],PARAMETER[&amp;quot;Standard_Parallel_1&amp;quot;,44.33333333333334],PARAMETER[&amp;quot;Standard_Parallel_2&amp;quot;,46.0],PARAMETER[&amp;quot;Latitude_Of_Origin&amp;quot;,43.66666666666666],UNIT[&amp;quot;Foot&amp;quot;,0.3048],AUTHORITY[&amp;quot;EPSG&amp;quot;,2913]]&lt;/WKT&gt;&lt;XOrigin&gt;-111333600&lt;/XOrigin&gt;&lt;YOrigin&gt;-98152500&lt;/YOrigin&gt;&lt;XYScale&gt;37675770.731007516&lt;/XYScale&gt;&lt;ZOrigin&gt;-100000&lt;/ZOrigin&gt;&lt;ZScale&gt;10000&lt;/ZScale&gt;&lt;MOrigin&gt;-100000&lt;/MOrigin&gt;&lt;MScale&gt;10000&lt;/MScale&gt;&lt;XYTolerance&gt;0.0032808398950131233&lt;/XYTolerance&gt;&lt;ZTolerance&gt;0.001&lt;/ZTolerance&gt;&lt;MTolerance&gt;0.001&lt;/MTolerance&gt;&lt;HighPrecision&gt;true&lt;/HighPrecision&gt;&lt;WKID&gt;2913&lt;/WKID&gt;&lt;LatestWKID&gt;2913&lt;/LatestWKID&gt;&lt;/ProjectedCoordinateSystem&gt;</peXml></coordRef></DataProperties><ArcGISFormat>1.0</ArcGISFormat><SyncDate>20150825</SyncDate><SyncTime>14534700</SyncTime><ModDate>20150825</ModDate><ModTime>14534700</ModTime></Esri><distInfo><distributor><distorTran><onLineSrc><linkage Sync="TRUE">Server=CGIS2; Service=SDE:SQLServer:CGIS2\SQL2008; Database=EGH_PUBLIC; User=ArcMap_Admin; Version=sde.DEFAULT</linkage><protocol Sync="TRUE">ArcSDE Connection</protocol></onLineSrc></distorTran></distributor><distFormat><formatName Sync="TRUE">Personal GeoDatabase Feature Class</formatName></distFormat></distInfo><dataIdInfo><envirDesc Sync="TRUE">Microsoft Windows 7 Version 6.1 (Build 7601) Service Pack 1; Esri ArcGIS 10.2.0.3389</envirDesc><dataLang><languageCode value="eng" Sync="TRUE"></languageCode><countryCode value="USA" Sync="TRUE"></countryCode></dataLang><idCitation><resTitle Sync="TRUE">HR_Analysis_Areas</resTitle><presForm><PresFormCd value="005" Sync="TRUE"></PresFormCd></presForm></idCitation><spatRpType><SpatRepTypCd value="001" Sync="TRUE"></SpatRepTypCd></spatRpType></dataIdInfo><mdLang><languageCode value="eng" Sync="TRUE"></languageCode><countryCode value="USA" Sync="TRUE"></countryCode></mdLang><mdHrLv><ScopeCd value="005" Sync="TRUE"></ScopeCd></mdHrLv><mdHrLvName Sync="TRUE">dataset</mdHrLvName><refSysInfo><RefSystem><refSysID><identCode code="2913" Sync="TRUE"></identCode><idCodeSpace Sync="TRUE">EPSG</idCodeSpace><idVersion Sync="TRUE">8.1.1</idVersion></refSysID></RefSystem></refSysInfo><spatRepInfo><VectSpatRep><geometObjs Name="HR_Analysis_Areas"><geoObjTyp><GeoObjTypCd value="002" Sync="TRUE"></GeoObjTypCd></geoObjTyp><geoObjCnt Sync="TRUE">0</geoObjCnt></geometObjs><topLvl><TopoLevCd value="001" Sync="TRUE"></TopoLevCd></topLvl></VectSpatRep></spatRepInfo><mdDateSt Sync="TRUE">20150825</mdDateSt></metadata>
